<?xml version="1.0" encoding="UTF-8"?>
<!DOCTYPE mapper
  PUBLIC "-//mybatis.org//DTD Mapper 3.0//EN"
  "http://mybatis.org/dtd/mybatis-3-mapper.dtd">
<mapper namespace="paging">

	<!-- 모든 프로젝트 보기 페이징 처리 -->
	<!-- 모든 프로젝트 리스트 -->
	<select id="AllList" resultType="projvo"
		parameterType="searchvo">
		select projectNo, projectMainImage, projectName
		, projectCurCost, projectEndDate,
		projectStartDate
		from
		(
		select rownum as r_num, a.*
		from
		(select * from project order by projectNo
		) a
		)
		where r_num between #{begin} and #{end}
	</select>

	<!-- 모든 프로젝트 총 갯수 -->
	<select id="listTotal" resultType="int">
		select count(*) cnt from project
	</select>


	<!-- 카테고리별 프로젝트 보기 -->
		<!-- 프로젝트 카테고리별 보기 + 페이징 -->
	<select id="paginglist" resultType="projvo" parameterType="HashMap">
		select projectNo, projectMainImage,projectName,projectCost,projectEndDate
		from
		(
			select rownum as r_num, p.*
			from
			(
				select * 
				from project 
				order by projectStartDate
			) p, category c

		<choose>
			<when test="categoryNo==1">
				where c.categoryNo=1
			</when>
			<when test="categoryNo==2">
				where c.categoryNo=2
			</when>
			<when test="categoryNo==3">
				where c.categoryNo=3
			</when>
			<when test="categoryNo==4">
				where c.categoryNo=4
			</when>
			<when test="categoryNo==5">
				where c.categoryNo=5
			</when>
			<when test="categoryNo==6">
				where c.categoryNo=6
			</when>
			<when test="categoryNo==7">
				where c.categoryNo=7
			</when>
			<when test="categoryNo==8">
				where c.categoryNo=8
			</when>
			<when test="categoryNo==9">
				where c.categoryNo=9
			</when>
			<otherwise>
				where c.categoryNo=1
			</otherwise>
		</choose>
		
			and c.categoryNo=p.categoryNo
			) 
		where r_num between #{begin} and #{end}	
	</select>
	
		<!-- 카테고리 별 프로젝트 개수 보기 -->
	<select id="listCategory" resultType="int" parameterType="int">
		select count(*) cnt 
		from project
		where categoryNo=#{categoryNo}
	</select>
</mapper>